AI_ML/AI_and_Machine_Learning/Artificial_Intelligence/Applications/Prompt_Engineering/Desktop/Windows	/f/study/Platforms/windows/collected/AI_ML/AI_and_Machine_Learning/Artificial_Intelligence/Applications/Prompt_Engineering/Desktop/Windows
AI_ML/AI_and_Machine_Learning/Artificial_Intelligence/Speech/Windows	/f/study/Platforms/windows/collected/AI_ML/AI_and_Machine_Learning/Artificial_Intelligence/Speech/Windows
AI_ML/AI_and_Machine_Learning/Artificial_Intelligence/cli/claudecode/ollama-setup/%SystemDrive%/ProgramData/Microsoft/Windows	/f/study/Platforms/windows/collected/AI_ML/AI_and_Machine_Learning/Artificial_Intelligence/cli/claudecode/ollama-setup/%SystemDrive%/ProgramData/Microsoft/Windows
AI_ML/AI_and_Machine_Learning/Artificial_Intelligence/cli/codex/agent-control-dashboard/windows-adapter	/f/study/Platforms/windows/collected/AI_ML/AI_and_Machine_Learning/Artificial_Intelligence/cli/codex/agent-control-dashboard/windows-adapter
AI_ML/AI_and_Machine_Learning/Artificial_Intelligence/cli/codex/desktop/windows	/f/study/Platforms/windows/collected/AI_ML/AI_and_Machine_Learning/Artificial_Intelligence/cli/codex/desktop/windows
AI_ML/AI_and_Machine_Learning/Artificial_Intelligence/cli/codex/todoist-enhanced-private/.next/cache/swc/plugins/windows_x86_64_24.0.0	/f/study/Platforms/windows/collected/AI_ML/AI_and_Machine_Learning/Artificial_Intelligence/cli/codex/todoist-enhanced-private/.next/cache/swc/plugins/windows_x86_64_24.0.0
AI_ML/AI_and_Machine_Learning/Artificial_Intelligence/cli/codex/todoist-enhanced-private/node_modules/.cache/prisma/master/75cbdc1eb7150937890ad5465d861175c6624711/windows	/f/study/Platforms/windows/collected/AI_ML/AI_and_Machine_Learning/Artificial_Intelligence/cli/codex/todoist-enhanced-private/node_modules/.cache/prisma/master/75cbdc1eb7150937890ad5465d861175c6624711/windows
AI_ML/AI_and_Machine_Learning/Artificial_Intelligence/cli/codex/todoist-enhanced-private/node_modules/@prisma/engines/node_modules/.cache/prisma/master/75cbdc1eb7150937890ad5465d861175c6624711/windows	/f/study/Platforms/windows/collected/AI_ML/AI_and_Machine_Learning/Artificial_Intelligence/cli/codex/todoist-enhanced-private/node_modules/@prisma/engines/node_modules/.cache/prisma/master/75cbdc1eb7150937890ad5465d861175c6624711/windows
AI_ML/AI_and_Machine_Learning/Artificial_Intelligence/inference/windows	/f/study/Platforms/windows/collected/AI_ML/AI_and_Machine_Learning/Artificial_Intelligence/inference/windows
Containers/docker/Kubernetes/RegistryCache/Windows	/f/study/Platforms/windows/collected/Containers/docker/Kubernetes/RegistryCache/Windows
Containers/docker/desktop/windows	/f/study/Platforms/windows/collected/Containers/docker/desktop/windows
Dev_Toolchain/Android/michNvidiaApp-build-tools/android_sdk/emulator/qemu/windows-x86_64	/f/study/Platforms/windows/collected/Dev_Toolchain/Android/michNvidiaApp-build-tools/android_sdk/emulator/qemu/windows-x86_64
Dev_Toolchain/Android/michNvidiaApp-build-tools/android_sdk/ndk/28.2.13676358/prebuilt/windows-x86_64	/f/study/Platforms/windows/collected/Dev_Toolchain/Android/michNvidiaApp-build-tools/android_sdk/ndk/28.2.13676358/prebuilt/windows-x86_64
Dev_Toolchain/Android/michNvidiaApp-build-tools/android_sdk/ndk/28.2.13676358/shader-tools/windows-x86_64	/f/study/Platforms/windows/collected/Dev_Toolchain/Android/michNvidiaApp-build-tools/android_sdk/ndk/28.2.13676358/shader-tools/windows-x86_64
Dev_Toolchain/Android/michNvidiaApp-build-tools/android_sdk/ndk/28.2.13676358/simpleperf/bin/windows	/f/study/Platforms/windows/collected/Dev_Toolchain/Android/michNvidiaApp-build-tools/android_sdk/ndk/28.2.13676358/simpleperf/bin/windows
Dev_Toolchain/Android/michNvidiaApp-build-tools/android_sdk/ndk/28.2.13676358/toolchains/llvm/prebuilt/windows-x86_64	/f/study/Platforms/windows/collected/Dev_Toolchain/Android/michNvidiaApp-build-tools/android_sdk/ndk/28.2.13676358/toolchains/llvm/prebuilt/windows-x86_64
Dev_Toolchain/Android/shared-windows-android	/f/study/Platforms/windows/collected/Dev_Toolchain/Android/shared-windows-android
Dev_Toolchain/Windows	/f/study/Platforms/windows/collected/Dev_Toolchain/Windows
Dev_Toolchain/dev-toolchain/programming/.NET/projects/c++/CoolDownGpuNcpu/windows	/f/study/Platforms/windows/collected/Dev_Toolchain/dev-toolchain/programming/.NET/projects/c++/CoolDownGpuNcpu/windows
Dev_Toolchain/dev-toolchain/programming/.NET/projects/c++/WindowsForcePurge	/f/study/Platforms/windows/collected/Dev_Toolchain/dev-toolchain/programming/.NET/projects/c++/WindowsForcePurge
Dev_Toolchain/dev-toolchain/programming/C++/mingw-complete/mingw64/share/cmake-3.27/Templates/Windows	/f/study/Platforms/windows/collected/Dev_Toolchain/dev-toolchain/programming/C++/mingw-complete/mingw64/share/cmake-3.27/Templates/Windows
Dev_Toolchain/dev-toolchain/programming/Flutter/flutter-windows	/f/study/Platforms/windows/collected/Dev_Toolchain/dev-toolchain/programming/Flutter/flutter-windows
Dev_Toolchain/dev-toolchain/programming/python/apps/windowsoptimize	/f/study/Platforms/windows/collected/Dev_Toolchain/dev-toolchain/programming/python/apps/windowsoptimize
Dev_Toolchain/dev-toolchain/scripting/PowerShell/CleanupWindows	/f/study/Platforms/windows/collected/Dev_Toolchain/dev-toolchain/scripting/PowerShell/CleanupWindows
Dev_Toolchain/programming/python/apps/systemTools/sizes/tools/winlibs/extract/mingw64/share/cmake-4.3/Templates/Windows	/f/study/Platforms/windows/collected/Dev_Toolchain/programming/python/apps/systemTools/sizes/tools/winlibs/extract/mingw64/share/cmake-4.3/Templates/Windows
Dev_Toolchain/programming/python/apps/systemTools/sizes/tools/zig/extract/zig-x86_64-windows-0.16.0	/f/study/Platforms/windows/collected/Dev_Toolchain/programming/python/apps/systemTools/sizes/tools/zig/extract/zig-x86_64-windows-0.16.0
Dev_Toolchain/scripting/PowerShell/windows	/f/study/Platforms/windows/collected/Dev_Toolchain/scripting/PowerShell/windows
Devops/backup/MacriumReflect/windows	/f/study/Platforms/windows/collected/Devops/backup/MacriumReflect/windows
Devops/backup/Projects/DotNET/uninstaller/bin/Release/net7.0-windows	/f/study/Platforms/windows/collected/Devops/backup/Projects/DotNET/uninstaller/bin/Release/net7.0-windows
Devops/backup/Projects/DotNET/uninstaller/obj/Release/net7.0-windows	/f/study/Platforms/windows/collected/Devops/backup/Projects/DotNET/uninstaller/obj/Release/net7.0-windows
Devops/backup/Projects/DotNET/uninstallerGUI/.dotnet/packs/Microsoft.WindowsDesktop.App.Ref	/f/study/Platforms/windows/collected/Devops/backup/Projects/DotNET/uninstallerGUI/.dotnet/packs/Microsoft.WindowsDesktop.App.Ref
Devops/backup/Projects/DotNET/uninstallerGUI/.dotnet/sdk/8.0.422/Sdks/Microsoft.NET.Sdk.WindowsDesktop	/f/study/Platforms/windows/collected/Devops/backup/Projects/DotNET/uninstallerGUI/.dotnet/sdk/8.0.422/Sdks/Microsoft.NET.Sdk.WindowsDesktop
Devops/backup/Projects/DotNET/uninstallerGUI/.dotnet/shared/Microsoft.WindowsDesktop.App	/f/study/Platforms/windows/collected/Devops/backup/Projects/DotNET/uninstallerGUI/.dotnet/shared/Microsoft.WindowsDesktop.App
Devops/backup/Projects/DotNET/uninstallerGUI/UninstallerGui.App/bin/Release/net8.0-windows	/f/study/Platforms/windows/collected/Devops/backup/Projects/DotNET/uninstallerGUI/UninstallerGui.App/bin/Release/net8.0-windows
Devops/backup/Projects/DotNET/uninstallerGUI/UninstallerGui.App/obj/Release/net8.0-windows	/f/study/Platforms/windows/collected/Devops/backup/Projects/DotNET/uninstallerGUI/UninstallerGui.App/obj/Release/net8.0-windows
Devops/backup/Projects/DotNET/uninstallerGUI/UninstallerGui.Core/bin/Release/net8.0-windows	/f/study/Platforms/windows/collected/Devops/backup/Projects/DotNET/uninstallerGUI/UninstallerGui.Core/bin/Release/net8.0-windows
Devops/backup/Projects/DotNET/uninstallerGUI/UninstallerGui.Core/obj/Release/net8.0-windows	/f/study/Platforms/windows/collected/Devops/backup/Projects/DotNET/uninstallerGUI/UninstallerGui.Core/obj/Release/net8.0-windows
Devops/backup/Projects/DotNET/uninstallerGUI/UninstallerGui.Tests/bin/Release/net8.0-windows	/f/study/Platforms/windows/collected/Devops/backup/Projects/DotNET/uninstallerGUI/UninstallerGui.Tests/bin/Release/net8.0-windows
Devops/backup/Projects/DotNET/uninstallerGUI/UninstallerGui.Tests/obj/Release/net8.0-windows	/f/study/Platforms/windows/collected/Devops/backup/Projects/DotNET/uninstallerGUI/UninstallerGui.Tests/obj/Release/net8.0-windows
Devops/backup/WindowsInstalled	/f/study/Platforms/windows/collected/Devops/backup/WindowsInstalled
Devops/backup/backup/profile/backup-data/WindowsPowerShell	/f/study/Platforms/windows/collected/Devops/backup/backup/profile/backup-data/WindowsPowerShell
Devops/maintenance/purge/tools/github-repos/archive/2026-04-08/windowsforcepurge	/f/study/Platforms/windows/collected/Devops/maintenance/purge/tools/github-repos/archive/2026-04-08/windowsforcepurge
Learning/01/01/Dev_Toolchain/programming/.NET/projects/c++/CoolDownGpuNcpu/windows	/f/study/Platforms/windows/collected/Learning/01/01/Dev_Toolchain/programming/.NET/projects/c++/CoolDownGpuNcpu/windows
Learning/01/01/Dev_Toolchain/programming/.NET/projects/c++/WindowsForcePurge	/f/study/Platforms/windows/collected/Learning/01/01/Dev_Toolchain/programming/.NET/projects/c++/WindowsForcePurge
Learning/01/01/Dev_Toolchain/programming/Flutter/flutter-windows	/f/study/Platforms/windows/collected/Learning/01/01/Dev_Toolchain/programming/Flutter/flutter-windows
Learning/01/01/Dev_Toolchain/programming/python/apps/windowsoptimize	/f/study/Platforms/windows/collected/Learning/01/01/Dev_Toolchain/programming/python/apps/windowsoptimize
Learning/01/01/Devops/automation/bots/install_whisper_voice_to_text_bot_on_windows_in_5_steps.odt	/f/study/Platforms/windows/collected/Learning/01/01/Devops/automation/bots/install_whisper_voice_to_text_bot_on_windows_in_5_steps.odt
Learning/01/01/Devops/automation/bots/whisper/install_whisper_voice_to_text_bot_on_windows_in_5_steps.odt	/f/study/Platforms/windows/collected/Learning/01/01/Devops/automation/bots/whisper/install_whisper_voice_to_text_bot_on_windows_in_5_steps.odt
Learning/01/01/Devops/backup/System/Windows	/f/study/Platforms/windows/collected/Learning/01/01/Devops/backup/System/Windows
Learning/01/01/Enterprise_Apps/management/windows11_management	/f/study/Platforms/windows/collected/Learning/01/01/Enterprise_Apps/management/windows11_management
Learning/01/01/Platforms/windows	/f/study/Platforms/windows/collected/Learning/01/01/Platforms/windows
Learning/01/01/Shells/powershell/tweaks/Windows-11-Fix-Tweaks	/f/study/Platforms/windows/collected/Learning/01/01/Shells/powershell/tweaks/Windows-11-Fix-Tweaks
Learning/01/01/WindowsPowerShell	/f/study/Platforms/windows/collected/Learning/01/01/WindowsPowerShell
Learning/01/01/networking/Security/Firewall/Firewall/windows	/f/study/Platforms/windows/collected/Learning/01/01/networking/Security/Firewall/Firewall/windows
Learning/01/01/networking/Security/Firewall/privacy/Perfect Windows	/f/study/Platforms/windows/collected/Learning/01/01/networking/Security/Firewall/privacy/Perfect Windows
Learning/01/01/troubleshooting/Windows_Defender	/f/study/Platforms/windows/collected/Learning/01/01/troubleshooting/Windows_Defender
Learning/01/01/troubleshooting/windows Error 0x80070424	/f/study/Platforms/windows/collected/Learning/01/01/troubleshooting/windows Error 0x80070424
Operating_Systems/Windows	/f/study/Platforms/windows/collected/Operating_Systems/Windows
Software_Engineering/Mobile/Android/Automation/Codex/Launchers/GeneralAndroidEmulator/android-home/appdata/Local/Microsoft/Windows	/f/study/Platforms/windows/collected/Software_Engineering/Mobile/Android/Automation/Codex/Launchers/GeneralAndroidEmulator/android-home/appdata/Local/Microsoft/Windows
Software_Engineering/Mobile/Android/Automation/Codex/Launchers/GeneralAndroidEmulator/android-sdk/emulator/qemu/windows-x86_64	/f/study/Platforms/windows/collected/Software_Engineering/Mobile/Android/Automation/Codex/Launchers/GeneralAndroidEmulator/android-sdk/emulator/qemu/windows-x86_64
Software_Engineering/Mobile/Android/Automation/Codex/Launchers/Nemotron/.archive/windows-connectivity-backups-final-c-cutover-20260729	/f/study/Platforms/windows/collected/Software_Engineering/Mobile/Android/Automation/Codex/Launchers/Nemotron/.archive/windows-connectivity-backups-final-c-cutover-20260729
Software_Engineering/Mobile/Android/Automation/Codex/Launchers/Nemotron/.archive/windows-connectivity-final-c-cutover-20260729	/f/study/Platforms/windows/collected/Software_Engineering/Mobile/Android/Automation/Codex/Launchers/Nemotron/.archive/windows-connectivity-final-c-cutover-20260729
Software_Engineering/Mobile/Android/Automation/Codex/Launchers/Nemotron/.archive/windows-connectivity-pre-relocation-20260729	/f/study/Platforms/windows/collected/Software_Engineering/Mobile/Android/Automation/Codex/Launchers/Nemotron/.archive/windows-connectivity-pre-relocation-20260729
Software_Engineering/Mobile/Android/Automation/Codex/Launchers/Nemotron/.runtime/netlify-cli/node_modules/netlify-cli/node_modules/@parcel/watcher/src/windows	/f/study/Platforms/windows/collected/Software_Engineering/Mobile/Android/Automation/Codex/Launchers/Nemotron/.runtime/netlify-cli/node_modules/netlify-cli/node_modules/@parcel/watcher/src/windows
Software_Engineering/Mobile/Android/Automation/Codex/Launchers/Nemotron/.runtime/netlify-cli/node_modules/netlify-cli/node_modules/clipboardy/fallbacks/windows	/f/study/Platforms/windows/collected/Software_Engineering/Mobile/Android/Automation/Codex/Launchers/Nemotron/.runtime/netlify-cli/node_modules/netlify-cli/node_modules/clipboardy/fallbacks/windows
Software_Engineering/Mobile/Android/Automation/Codex/Launchers/Nemotron/.runtime/netlify-cli/node_modules/netlify-cli/node_modules/windows-release	/f/study/Platforms/windows/collected/Software_Engineering/Mobile/Android/Automation/Codex/Launchers/Nemotron/.runtime/netlify-cli/node_modules/netlify-cli/node_modules/windows-release
Software_Engineering/Mobile/Android/Automation/Codex/Launchers/Nemotron/.runtime/windows-connectivity	/f/study/Platforms/windows/collected/Software_Engineering/Mobile/Android/Automation/Codex/Launchers/Nemotron/.runtime/windows-connectivity
Software_Engineering/Mobile/Android/Automation/Codex/Launchers/Nemotron/.runtime/windows-connectivity-backups	/f/study/Platforms/windows/collected/Software_Engineering/Mobile/Android/Automation/Codex/Launchers/Nemotron/.runtime/windows-connectivity-backups
Software_Engineering/Mobile/Android/Automation/Codex/Launchers/Nemotron/.runtime/windows-relay-agent	/f/study/Platforms/windows/collected/Software_Engineering/Mobile/Android/Automation/Codex/Launchers/Nemotron/.runtime/windows-relay-agent
Software_Engineering/Mobile/Android/Automation/Codex/Launchers/Nemotron/repository/connectivity/windows	/f/study/Platforms/windows/collected/Software_Engineering/Mobile/Android/Automation/Codex/Launchers/Nemotron/repository/connectivity/windows
Software_Engineering/Mobile/Android/Automation/Codex/Launchers/Nemotron/repository/windows	/f/study/Platforms/windows/collected/Software_Engineering/Mobile/Android/Automation/Codex/Launchers/Nemotron/repository/windows
Software_Engineering/Mobile/Android/Automation/Codex/Launchers/Nemotron/worktrees/integration/connectivity/windows	/f/study/Platforms/windows/collected/Software_Engineering/Mobile/Android/Automation/Codex/Launchers/Nemotron/worktrees/integration/connectivity/windows
Software_Engineering/Mobile/Android/Automation/Codex/Launchers/Nemotron/worktrees/integration/windows	/f/study/Platforms/windows/collected/Software_Engineering/Mobile/Android/Automation/Codex/Launchers/Nemotron/worktrees/integration/windows
Software_Engineering/Mobile/Android/Automation/Codex/Launchers/Nemotron/worktrees/white-screen/connectivity/windows	/f/study/Platforms/windows/collected/Software_Engineering/Mobile/Android/Automation/Codex/Launchers/Nemotron/worktrees/white-screen/connectivity/windows
Software_Engineering/Mobile/Android/Automation/Codex/Launchers/Nemotron/worktrees/white-screen/windows	/f/study/Platforms/windows/collected/Software_Engineering/Mobile/Android/Automation/Codex/Launchers/Nemotron/worktrees/white-screen/windows
Software_Engineering/Mobile/Android/Automation/Codex/Launchers/UnsensoredAI/.codex-tmp/github-publish-61436cd/connectivity/windows	/f/study/Platforms/windows/collected/Software_Engineering/Mobile/Android/Automation/Codex/Launchers/UnsensoredAI/.codex-tmp/github-publish-61436cd/connectivity/windows
Software_Engineering/Mobile/Android/Automation/Codex/Launchers/UnsensoredAI/.codex-tmp/github-publish-61436cd/windows	/f/study/Platforms/windows/collected/Software_Engineering/Mobile/Android/Automation/Codex/Launchers/UnsensoredAI/.codex-tmp/github-publish-61436cd/windows
Software_Engineering/Mobile/Android/Automation/Codex/Launchers/michNvidiaApp/cloudflare/node_modules/@cloudflare/workerd-windows-64	/f/study/Platforms/windows/collected/Software_Engineering/Mobile/Android/Automation/Codex/Launchers/michNvidiaApp/cloudflare/node_modules/@cloudflare/workerd-windows-64
Software_Engineering/Mobile/Android/Automation/Codex/Launchers/michNvidiaApp/node_modules/windows-release	/f/study/Platforms/windows/collected/Software_Engineering/Mobile/Android/Automation/Codex/Launchers/michNvidiaApp/node_modules/windows-release
Software_Engineering/Mobile/Android/Automation/Codex/Launchers/michNvidiaApp/recovery/windows	/f/study/Platforms/windows/collected/Software_Engineering/Mobile/Android/Automation/Codex/Launchers/michNvidiaApp/recovery/windows
Software_Engineering/Mobile/Android/Automation/Codex/Launchers/michNvidiaApp/relay/node_modules/@cloudflare/workerd-windows-64	/f/study/Platforms/windows/collected/Software_Engineering/Mobile/Android/Automation/Codex/Launchers/michNvidiaApp/relay/node_modules/@cloudflare/workerd-windows-64
Software_Engineering/Mobile/Android/Developer_Tools/Wireless_Debugging/Automation/wireless-debug-toggle-android/tools/gradle-home/caches/8.10.2/transforms/acd3cae8ec88a161c90664a7cfc52d5d/transformed/aapt2-8.6.1-11315950-windows	/f/study/Platforms/windows/collected/Software_Engineering/Mobile/Android/Developer_Tools/Wireless_Debugging/Automation/wireless-debug-toggle-android/tools/gradle-home/caches/8.10.2/transforms/acd3cae8ec88a161c90664a7cfc52d5d/transformed/aapt2-8.6.1-11315950-windows
Software_Engineering/Mobile/Android/Developer_Tools/Wireless_Debugging/Automation/wireless-debug-toggle-android/tools/gradle-home/native/100fb08df4bc3b14c8652ba06237920a3bd2aa13389f12d3474272988ae205f9/windows-amd64	/f/study/Platforms/windows/collected/Software_Engineering/Mobile/Android/Developer_Tools/Wireless_Debugging/Automation/wireless-debug-toggle-android/tools/gradle-home/native/100fb08df4bc3b14c8652ba06237920a3bd2aa13389f12d3474272988ae205f9/windows-amd64
Software_Engineering/Mobile/Android/Developer_Tools/Wireless_Debugging/Automation/wireless-debug-toggle-android/tools/gradle-home/native/c067742578af261105cb4f569cf0c3c89f3d7b1fecec35dd04571415982c5e48/windows-amd64	/f/study/Platforms/windows/collected/Software_Engineering/Mobile/Android/Developer_Tools/Wireless_Debugging/Automation/wireless-debug-toggle-android/tools/gradle-home/native/c067742578af261105cb4f569cf0c3c89f3d7b1fecec35dd04571415982c5e48/windows-amd64
Software_Engineering/Mobile/Android/Developer_Tools/Wireless_Debugging/Automation/wireless-debug-toggle-android/tools/gradle-home/native/jansi/1.18/windows64	/f/study/Platforms/windows/collected/Software_Engineering/Mobile/Android/Developer_Tools/Wireless_Debugging/Automation/wireless-debug-toggle-android/tools/gradle-home/native/jansi/1.18/windows64
networking/Performance/Windows	/f/study/Platforms/windows/collected/networking/Performance/Windows
projects/AI/KIMI/AppData/Local/Microsoft/Windows	/f/study/Platforms/windows/collected/projects/AI/KIMI/AppData/Local/Microsoft/Windows
projects/AINews/A/%SystemDrive%/ProgramData/Microsoft/Windows	/f/study/Platforms/windows/collected/projects/AINews/A/%SystemDrive%/ProgramData/Microsoft/Windows
projects/CdriveCleanUP/.nuget/packages/microsoft.windowsdesktop.app.runtime.win-x64	/f/study/Platforms/windows/collected/projects/CdriveCleanUP/.nuget/packages/microsoft.windowsdesktop.app.runtime.win-x64
projects/DockerWinBackup/src/DockerWinBackup.Windows	/f/study/Platforms/windows/collected/projects/DockerWinBackup/src/DockerWinBackup.Windows
projects/FindBiggestFiles/target/release/.fingerprint/windows-link-220b0711e9f167be	/f/study/Platforms/windows/collected/projects/FindBiggestFiles/target/release/.fingerprint/windows-link-220b0711e9f167be
projects/FindBiggestFiles/target/release/.fingerprint/windows-link-6a518041c990400a	/f/study/Platforms/windows/collected/projects/FindBiggestFiles/target/release/.fingerprint/windows-link-6a518041c990400a
projects/FindBiggestFiles/target/release/.fingerprint/windows-sys-37462505ff52047e	/f/study/Platforms/windows/collected/projects/FindBiggestFiles/target/release/.fingerprint/windows-sys-37462505ff52047e
projects/FindBiggestFiles/target/release/.fingerprint/windows-sys-86910e27ce9e4bd9	/f/study/Platforms/windows/collected/projects/FindBiggestFiles/target/release/.fingerprint/windows-sys-86910e27ce9e4bd9
projects/FindBiggestFiles/target/x86_64-pc-windows-gnu	/f/study/Platforms/windows/collected/projects/FindBiggestFiles/target/x86_64-pc-windows-gnu
projects/ForceDeleteAnything/src/ForceDeleteAnything/bin/Release/net8.0-windows	/f/study/Platforms/windows/collected/projects/ForceDeleteAnything/src/ForceDeleteAnything/bin/Release/net8.0-windows
projects/GameLauncher/%SystemDrive%/ProgramData/Microsoft/Windows	/f/study/Platforms/windows/collected/projects/GameLauncher/%SystemDrive%/ProgramData/Microsoft/Windows
projects/GamePadFixr/.dotnet/packs/Microsoft.WindowsDesktop.App.Ref	/f/study/Platforms/windows/collected/projects/GamePadFixr/.dotnet/packs/Microsoft.WindowsDesktop.App.Ref
projects/GamePadFixr/.dotnet/sdk/8.0.420/Sdks/Microsoft.NET.Sdk.WindowsDesktop	/f/study/Platforms/windows/collected/projects/GamePadFixr/.dotnet/sdk/8.0.420/Sdks/Microsoft.NET.Sdk.WindowsDesktop
projects/GamePadFixr/.dotnet/shared/Microsoft.WindowsDesktop.App	/f/study/Platforms/windows/collected/projects/GamePadFixr/.dotnet/shared/Microsoft.WindowsDesktop.App
projects/GamePadFixr/.nuget/packages/microsoft.windowsdesktop.app.runtime.win-x64	/f/study/Platforms/windows/collected/projects/GamePadFixr/.nuget/packages/microsoft.windowsdesktop.app.runtime.win-x64
projects/GamePadFixr/.nuget/packages/nefarius.drivers.hidhide/3.3.0/lib/net8.0-windows7.0	/f/study/Platforms/windows/collected/projects/GamePadFixr/.nuget/packages/nefarius.drivers.hidhide/3.3.0/lib/net8.0-windows7.0
projects/GamePadFixr/.nuget/packages/nefarius.drivers.hidhide/3.3.0/lib/net9.0-windows7.0	/f/study/Platforms/windows/collected/projects/GamePadFixr/.nuget/packages/nefarius.drivers.hidhide/3.3.0/lib/net9.0-windows7.0
projects/MichWin11RepairISO/_recover_iso/wim/Windows	/f/study/Platforms/windows/collected/projects/MichWin11RepairISO/_recover_iso/wim/Windows
projects/MichWin11RepairISO/scripts/windows	/f/study/Platforms/windows/collected/projects/MichWin11RepairISO/scripts/windows
projects/Win11Drivers/%ProgramData%/Microsoft/Windows	/f/study/Platforms/windows/collected/projects/Win11Drivers/%ProgramData%/Microsoft/Windows
projects/Win11Drivers/%SystemDrive%/ProgramData/Microsoft/Windows	/f/study/Platforms/windows/collected/projects/Win11Drivers/%SystemDrive%/ProgramData/Microsoft/Windows
projects/WindowsFixer	/f/study/Platforms/windows/collected/projects/WindowsFixer
projects/android/AndroidEmulatorRunner/android-sdk/emulator/qemu/windows-x86_64	/f/study/Platforms/windows/collected/projects/android/AndroidEmulatorRunner/android-sdk/emulator/qemu/windows-x86_64
projects/career/job_search/outreach/email/gmail/windows	/f/study/Platforms/windows/collected/projects/career/job_search/outreach/email/gmail/windows
projects/game-library-manager-web/%SystemDrive%/ProgramData/Microsoft/Windows	/f/study/Platforms/windows/collected/projects/game-library-manager-web/%SystemDrive%/ProgramData/Microsoft/Windows
projects/games/DownloadNAutoInstall/GameAutoDownInstall/%SystemDrive%/ProgramData/Microsoft/Windows	/f/study/Platforms/windows/collected/projects/games/DownloadNAutoInstall/GameAutoDownInstall/%SystemDrive%/ProgramData/Microsoft/Windows
projects/games/DownloadNAutoInstall/windows	/f/study/Platforms/windows/collected/projects/games/DownloadNAutoInstall/windows
projects/jobBrowserApplyBot/.venv-build/Lib/site-packages/PyInstaller/bootloader/Windows-64bit-intel	/f/study/Platforms/windows/collected/projects/jobBrowserApplyBot/.venv-build/Lib/site-packages/PyInstaller/bootloader/Windows-64bit-intel
projects/pc-health-dashboard/%ProgramData%/Microsoft/Windows	/f/study/Platforms/windows/collected/projects/pc-health-dashboard/%ProgramData%/Microsoft/Windows
projects/pc-health-dashboard/%SystemDrive%/ProgramData/Microsoft/Windows	/f/study/Platforms/windows/collected/projects/pc-health-dashboard/%SystemDrive%/ProgramData/Microsoft/Windows
projects/pc-health-dashboard/backend/%ProgramData%/Microsoft/Windows	/f/study/Platforms/windows/collected/projects/pc-health-dashboard/backend/%ProgramData%/Microsoft/Windows
projects/software/windows	/f/study/Platforms/windows/collected/projects/software/windows
projects/windows	/f/study/Platforms/windows/collected/projects/windows
repos/Enterprise_Apps/management/windows11_management	/f/study/Platforms/windows/collected/repos/Enterprise_Apps/management/windows11_management
repos/Windows-11-Dev-Storage-Optimizer	/f/study/Platforms/windows/collected/repos/Windows-11-Dev-Storage-Optimizer
repos/Windows-11-Service-Manager	/f/study/Platforms/windows/collected/repos/Windows-11-Service-Manager
repos/Windows-11-power-and-thermal-management	/f/study/Platforms/windows/collected/repos/Windows-11-power-and-thermal-management
repos/apps/windowsoptimize	/f/study/Platforms/windows/collected/repos/apps/windowsoptimize
repos/dev_toolchain/programming/.NET/projects/c++/CoolDownGpuNcpu/windows	/f/study/Platforms/windows/collected/repos/dev_toolchain/programming/.NET/projects/c++/CoolDownGpuNcpu/windows
repos/dev_toolchain/programming/.NET/projects/c++/WindowsForcePurge	/f/study/Platforms/windows/collected/repos/dev_toolchain/programming/.NET/projects/c++/WindowsForcePurge
repos/dev_toolchain/programming/Flutter/flutter-windows	/f/study/Platforms/windows/collected/repos/dev_toolchain/programming/Flutter/flutter-windows
repos/dev_toolchain/programming/python/apps/windowsoptimize	/f/study/Platforms/windows/collected/repos/dev_toolchain/programming/python/apps/windowsoptimize
repos/devops/automation/bots/install_whisper_voice_to_text_bot_on_windows_in_5_steps.odt	/f/study/Platforms/windows/collected/repos/devops/automation/bots/install_whisper_voice_to_text_bot_on_windows_in_5_steps.odt
repos/devops/automation/bots/whisper/install_whisper_voice_to_text_bot_on_windows_in_5_steps.odt	/f/study/Platforms/windows/collected/repos/devops/automation/bots/whisper/install_whisper_voice_to_text_bot_on_windows_in_5_steps.odt
repos/devops/backup/System/Windows	/f/study/Platforms/windows/collected/repos/devops/backup/System/Windows
repos/fullstack/todoist-enhanced/_todoist_asar/webpack/electron/resources/windows	/f/study/Platforms/windows/collected/repos/fullstack/todoist-enhanced/_todoist_asar/webpack/electron/resources/windows
repos/net/projects/c++/CoolDownGpuNcpu/windows	/f/study/Platforms/windows/collected/repos/net/projects/c++/CoolDownGpuNcpu/windows
repos/net/projects/c++/WindowsForcePurge	/f/study/Platforms/windows/collected/repos/net/projects/c++/WindowsForcePurge
repos/platforms/windows	/f/study/Platforms/windows/collected/repos/platforms/windows
repos/programming/.NET/projects/c++/CoolDownGpuNcpu/windows	/f/study/Platforms/windows/collected/repos/programming/.NET/projects/c++/CoolDownGpuNcpu/windows
repos/programming/.NET/projects/c++/WindowsForcePurge	/f/study/Platforms/windows/collected/repos/programming/.NET/projects/c++/WindowsForcePurge
repos/programming/C++/mingw-complete/mingw64/share/cmake-3.27/Templates/Windows	/f/study/Platforms/windows/collected/repos/programming/C++/mingw-complete/mingw64/share/cmake-3.27/Templates/Windows
repos/programming/Flutter/flutter-windows	/f/study/Platforms/windows/collected/repos/programming/Flutter/flutter-windows
repos/programming/python/apps/windowsoptimize	/f/study/Platforms/windows/collected/repos/programming/python/apps/windowsoptimize
repos/python/apps/windowsoptimize	/f/study/Platforms/windows/collected/repos/python/apps/windowsoptimize
repos/security/Firewall/Firewall/windows	/f/study/Platforms/windows/collected/repos/security/Firewall/Firewall/windows
repos/security/Firewall/privacy/Perfect Windows	/f/study/Platforms/windows/collected/repos/security/Firewall/privacy/Perfect Windows
repos/shells/powershell/scripts/misc/windows	/f/study/Platforms/windows/collected/repos/shells/powershell/scripts/misc/windows
repos/shells/powershell/scripts/misc/windowsapps	/f/study/Platforms/windows/collected/repos/shells/powershell/scripts/misc/windowsapps
repos/shells/powershell/scripts/windows-repair-ultimate	/f/study/Platforms/windows/collected/repos/shells/powershell/scripts/windows-repair-ultimate
repos/shells/powershell/scripts/windows-repair-ultra	/f/study/Platforms/windows/collected/repos/shells/powershell/scripts/windows-repair-ultra
repos/shells/powershell/tweaks/Windows-11-Fix-Tweaks	/f/study/Platforms/windows/collected/repos/shells/powershell/tweaks/Windows-11-Fix-Tweaks
repos/study/Platforms/windows	/f/study/Platforms/windows/collected/repos/study/Platforms/windows
repos/study/Windows	/f/study/Platforms/windows/collected/repos/study/Windows
repos/windows	/f/study/Platforms/windows/collected/repos/windows
